{"flutter":{"platforms":{"android":{"default":{"projectId":"pos-system-app-a3249","appId":"1:179737203058:android:f5216c6f89d2e594a28deb","fileOutput":"android/app/google-services.json"}},"dart":{"lib/firebase_options.dart":{"projectId":"pos-system-app-a3249","configurations":{"android":"1:179737203058:android:f5216c6f89d2e594a28deb","ios":"1:179737203058:ios:02d14ed92b740a45a28deb","macos":"1:179737203058:ios:02d14ed92b740a45a28deb","web":"1:179737203058:web:f90f2edb9d7f04eea28deb","windows":"1:179737203058:web:0be4a25d3009d0bea28deb"}}}}}}